brand,avg_price,avg_stockout_rate,lost_revenue,product_count
Asos,46.56822873658134,0.2786498557659614,471999.0,4844
Topshop,47.77138643067847,0.25075201643709427,76083.0,1017
New Look,29.209158512720155,0.40917626079074215,39671.77,511
River Island,45.41970021413276,0.2997552768430713,39116.0,467
The,80.41914191419141,0.22758132956152757,27545.0,303
Adidas,48.3359375,0.2259515730218855,27508.0,384
Miss Selfridge,36.48219114219114,0.25520313020313024,27406.04,429
&,85.59821428571429,0.30076176303854874,26804.0,224
Vero,34.862385321100916,0.32404980340760153,22179.0,327
Reclaimed,34.82333333333333,0.4114603174603174,14245.65,150
Collusionexclusive,24.342112676056338,0.21078436996246486,11844.81,284
Simply,28.57608695652174,0.4031108579618397,11591.0,92
Pretty,73.424,0.234,11464.0,125
Forever,112.57142857142857,0.16666666666666666,10729.0,98
Urban,36.662684210526315,0.26767543859649123,9377.13,190
Nike,46.76331775700935,0.20177273401572465,8632.5,214
Collusion,20.8275,0.5383771008403361,8515.07,80
Asyouexclusive,28.919245283018867,0.19389191783059706,8372.71,212
Tommy,73.1948051948052,0.24004329004329006,8309.0,77
Noisy,32.30337078651685,0.24606741573033705,8303.0,178
Polo,147.5142857142857,0.25115646258503405,7119.0,35
In,38.68670329670329,0.18380429094714806,6333.99,182
Na-Kdcollaboration,56.97014925373134,0.2462686567164179,5799.0,67
Abercrombie,57.63265306122449,0.3333956293139967,5702.0,49
Sister,118.34693877551021,0.2002915451895044,5616.0,49
Hope,104.03333333333333,0.10777777777777776,5505.0,90
Free,92.77530612244898,0.24863945578231292,5425.98,49
Fred,102.66666666666667,0.2724867724867725,5069.0,36
Wednesday'S,23.75187969924812,0.2847117794486216,4997.0,133
Ann,25.327272727272728,0.41494763768926446,4901.0,55
Missguided,36.733333333333334,0.43566137566137564,4390.0,45
Daisy,25.496644295302012,0.2041387024608501,4383.0,149
Extro,43.66346153846154,0.19198717948717947,4181.0,104
Only,32.474747474747474,0.25375180375180373,3975.0,99
Monkiall,39.41025641025641,0.34144744144744144,3944.0,39
Never,93.36734693877551,0.15136054421768708,3899.0,49
Nobody'S,58.845238095238095,0.15354308390022675,3857.0,84
Allsaints,98.0,0.3575396825396825,3781.0,20
Labelrailexclusive,75.0,0.18663594470046083,3662.0,31
Flounce,47.98701298701299,0.20238095238095238,3641.0,77
Calvin,60.0,0.2438679245283019,3533.0,53
Closet,67.10810810810811,0.11287001287001287,3509.0,74
True,120.21052631578948,0.2894736842105263,3456.0,19
Glamorous,36.733333333333334,0.1823809523809524,3450.0,90
Pieces,37.08552631578947,0.25285087719298244,3421.5,76
Jaded,48.816326530612244,0.24523809523809523,3200.0,49
Style,54.25806451612903,0.3252688172043011,3196.0,31
French,78.45454545454545,0.3348484848484849,3063.0,22
Vila,46.627450980392155,0.23295985060690944,3013.0,51
Dorina,18.727272727272727,0.6177618678388389,2910.0,11
Monkithe,25.238095238095237,0.3963718820861678,2900.0,42
Little,64.94117647058823,0.1925770308123249,2897.0,34
Maya,101.25,0.0925925925925926,2890.0,36
Mango,42.82458333333333,0.48819444444444443,2882.37,24
Stradivarius,27.235121951219508,0.4725900116144019,2850.04,41
4Th,41.75,0.30833333333333335,2850.0,40
Bershka,29.045555555555552,0.3733465608465608,2848.3399999999997,72
Collective,52.83050847457627,0.1606133979015335,2781.0,59
I,30.338709677419356,0.22645929339477727,2734.0,62
Esm,25.580645161290324,0.48310291858678955,2655.0,31
Asyou,25.023333333333333,0.3664069264069264,2536.9,30
Vesper,56.25,0.3263888888888889,2390.0,24
Lavish,109.05,0.0875,2343.0,40
Tfnc,62.91428571428571,0.0919047619047619,2327.0,70
Mangoall,44.587037037037035,0.33412698412698416,2070.69,27
Naked,67.52941176470588,0.4117647058823529,2020.0,17
Lace,103.1891891891892,0.1027027027027027,1998.0,37
Na-Kd,38.53846153846154,0.521978021978022,1975.0,13
Topshoplove,42.18181818181818,0.5318181818181817,1969.0,11
Carhartt,94.1304347826087,0.18478260869565216,1965.0,23
Bershkathe,25.917560975609753,0.43089430894308944,1947.32,41
Vilaall,43.785714285714285,0.45578231292517,1926.0,14
Pull&Bear,24.838,0.5202777777777778,1878.32,30
Selected,82.8125,0.23125,1845.0,16
Public,30.697,0.2011904761904762,1780.75,50
Monkidaywear,38.833333333333336,0.37477152477152476,1731.0,18
Nobody,47.03125,0.16741071428571427,1681.0,32
Stradivariusthe,25.472758620689653,0.4620689655172414,1676.35,29
Weekdaythe,36.73684210526316,0.531578947368421,1671.0,19
Mangothe,39.304375,0.47966269841269843,1665.62,16
Gym,40.54545454545455,0.29545454545454547,1665.0,22
Pull&Bearthe,24.261153846153846,0.5737179487179488,1638.49,26
Pull&Bearthrow,48.37538461538462,0.5076923076923077,1627.7,13
Damson,65.73333333333333,0.3022222222222222,1567.0,15
Monkiyour,25.0,0.5453514739229025,1511.0,14
Tammy,28.868852459016395,0.1366120218579235,1501.0,61
Puma,26.133333333333333,0.5516666666666666,1499.0,15
Monki,22.384615384615383,0.6170829170829172,1478.0,13
Y.A.S,68.05263157894737,0.20526315789473684,1411.0,19
Lost,33.45454545454545,0.18181818181818182,1370.0,11
Simmi,44.25581395348837,0.1434108527131783,1293.0,43
Chelsea,38.5,0.38333333333333336,1292.0,18
Stradivariusthrow,67.924,0.28,1155.79,15
Piecesthe,31.31578947368421,0.3464912280701754,1144.0,19
Love,61.3125,0.22916666666666666,1130.0,16
South,23.414634146341463,0.15969802555168408,1120.0,41
Under,42.36363636363637,0.24444444444444444,1111.0,33
Yoursthe,28.220769230769232,0.459004884004884,1086.62,13
Pink,32.10526315789474,0.2982456140350877,1077.0,19
Femme,35.5,0.25,1035.0,24
Bershkaall,27.92875,0.475,999.73,16
Onlythrow,68.8125,0.15625,969.0,16
Monkibasket-Worthy,25.375,0.3436147186147186,968.0,16
Cotton,31.073333333333334,0.5392857142857143,961.7,12
Band,87.91666666666667,0.16666666666666666,950.0,12
Pimkiethe,25.561875,0.515625,928.98,16
Esmee,25.857142857142858,0.35714285714285715,912.0,14
Topshopyour,30.083333333333332,0.4369047619047619,908.0,12
Weekday,24.846153846153847,0.5178571428571429,899.0,13
Onlysoftwear,26.923076923076923,0.4641025641025641,892.0,13
Spanx,36.0,0.543939393939394,878.0,11
Stradivariusexclusive,29.823333333333334,0.3761904761904762,873.7,12
M,37.833333333333336,0.3888888888888889,868.0,12
Aria,56.72727272727273,0.09595959595959595,836.0,33
Yours,25.366875,0.30416666666666664,815.75,16
Pull&Bearjacket,47.32333333333333,0.26666666666666666,807.84,12
Monkipart,34.733333333333334,0.2277056277056277,796.0,15
Y.A.Sall,90.61538461538461,0.1282051282051282,792.0,13
Stradivariusshort,18.087142857142858,0.3976190476190476,776.6899999999999,21
Iisla,26.666666666666668,0.369047619047619,732.0,12
Jjxx,27.214285714285715,0.44523809523809527,722.0,14
Stradivariusa,26.40833333333333,0.39999999999999997,685.8199999999999,12
Neon,36.86666666666667,0.24666666666666667,682.0,15
Dickies,38.666666666666664,0.3333333333333333,670.0,12
Anaya,78.27586206896552,0.054022988505747126,670.0,29
Jdy,17.615384615384617,0.5243589743589744,659.0,13
Bershkajacket,53.934444444444445,0.16666666666666666,649.88,18
Sixth,63.8,0.10476190476190476,645.0,35
Stradivariusall,28.76076923076923,0.3692307692307692,635.8,13
Onlythe,28.416666666666668,0.3416666666666666,623.0,12
Ax,44.785714285714285,0.17857142857142858,615.0,14
Rebellious,29.181818181818183,0.1515151515151515,598.0,22
Dr,54.705882352941174,0.09923273657289003,595.0,17
Monkiwaist-Up,22.76923076923077,0.29670329670329665,583.0,13
Bye,29.285714285714285,0.2619047619047619,575.0,14
Pull&Bearwaist-Up,19.74083333333333,0.4978174603174603,565.77,12
Tfncbride,68.42857142857143,0.09523809523809523,565.0,14
Pull&Bearall,28.347857142857144,0.27142857142857146,563.84,14
Gilly,24.4,0.18400000000000002,561.0,25
Native,35.390243902439025,0.07926829268292683,551.0,41
Nikeyour,48.3029411764706,0.12640056022408963,532.2,17
Nikecan'T,67.81666666666666,0.09777777777777778,519.6,15
Armani,135.0,0.08263888888888889,500.0,12
Reebok,28.5,0.278125,496.0,16
Ivory,18.375,0.050075235597439545,434.0,16
Something,55.0,0.036630036630036625,424.0,26
Signature,38.6875,0.1375,424.0,16
Vilabride,51.125,0.08482142857142858,396.0,16
Piecesdo,32.583333333333336,0.16666666666666666,389.0,12
Jdypart,26.166666666666668,0.19803675856307434,388.0,12
Lindex,17.363636363636363,0.36363636363636365,348.0,11
Starletexclusive,136.36363636363637,0.0303030303030303,340.0,11
Glamorousdaywear,36.93333333333333,0.08888888888888889,316.0,15
Stradivariuswaist-Up,18.091,0.16,286.9,20
Vai21Exclusive,17.285714285714285,0.25,285.0,14
Glamorousall,37.53846153846154,0.08974358974358973,269.0,13
Bershkacosy,31.073333333333334,0.20833333333333334,266.9,12
Bershkastand,64.53545454545454,0.09090909090909091,231.95999999999998,11
Vansthe,29.894736842105264,0.05789473684210527,199.0,19
Dickiesyour,29.294117647058822,0.08235294117647059,195.0,17
Hiitworkout,17.916666666666668,0.13958333333333334,176.0,24
Levi'Sthe,45.333333333333336,0.10833333333333334,162.0,12
Monkidaytime,37.18181818181818,0.06168831168831169,155.0,11
Pumaexclusive,32.333333333333336,0.08333333333333333,125.0,12
Pull&Bearpart,27.428125,0.1125,123.93999999999998,16
Afrmpart,56.84615384615385,0.010989010989010988,55.0,13
Amy,100.0,0.0,0.0,12
